"Timestamp","How would you rate UI #1 in terms of usefulness","How would you rate UI #1 in terms of engagement","What are aspects of the UI #1 did you like","What are aspects of the UI #1 did you not like","General feedback of UI #1","How would you rate UI #2 in terms of usefulness","How would you rate UI #2 in terms of engagement","What are aspects of the UI #2 did you like","What are aspects of the UI #2 did you not like","General feedback of UI #2","How would you rate UI #3 in terms of usefulness","How would you rate UI #3 in terms of engagement","What are aspects of the UI #3 did you like","What are aspects of the UI #3 did you not like","General feedback of UI #3"
"2017/10/30 4:10:59 AM GMT","4","3","Lots of Information. Clear what everything does. The reminders are good.","Somewhat cluttered. ","I like the amount of information on the screen, but likely some of it needs to be cut back as it is a little cluttered. The reminders is a good idea to keep users engaged.","2","3","Simple and clear.","Too little information. Not very professional looking (almost childish). ","I do not much care for this design, it is streamlined and concise in concept (which is good), but achieves this with less than ideal graphics and design. Aesthetically it is not appealing, to me.","5","4","Simple and concise. The graphs is good. ","Perhaps too streamlined.","Generally I think this is the best of the three. It is simple and straightforward, without looking poor. That said, it may actually be too streamlined. Too much information has been lost. In my opinion, the best would be a balance between this and the first. Trying to keep the concise design of this, with just a bit more information/options."
"2017/10/30 6:36:33 PM GMT","4","5","Direct call to action for the user. Straight to the point, simple.","It's drawn in pencil, gross.","It follows the step-by-step interface trend in apps/web, though it would be cool if users were presented with an option to just select their mood from a slider in addition to the text box, in case they just want to pick how they're feeling and not really journal about it (this would also make it easier on the stats side of things).","1","1","Literally nothing. I wish my eyes could unsee this garbage.","Tacky icons, none of the buttons really call the user to them, user doesn't know what they're supposed to do, really old UI design, ugly.","Whoever made this should consider a new career","3","2","Call to action exists. "," layout is dated. I generally don't like buttons right up to the edge of the screen because the base of my thumb sometimes hits the edges of the screen and it registers a touch.","Jesus christ those faces are creepy. Why is the outreach button an angry Italian hand? entire layout could use a unifying color scheme as opposed to grey.  If you're going to highlight the page you're on in the bottom area (assuming that's why 'mood tracking' is red), you don't really need to title the page in the UI, use that real estate for something better."
"2017/10/30 6:41:18 PM GMT","","","","","","","","","","","2","3","That I don't have to look at it anymore","WHY AM I PLAYING PONG. Also god I hate ads. This thing looks like it was made in 1993 by an emotionless child learning programming. ","Coming back to review UI 3 was a mistake. I regret my life choices."
"2017/10/30 7:12:29 PM GMT","4","","Features available","layout to show mood history and start up view","Tools and resources and the notification might be helpful but layout for reflection may require some work","5","5","overall layout","no negatives","","5","2","resources available in the tool","layout and overall appeal ",""
"2017/10/30 8:37:03 PM GMT","2","2","Nothing really","See below ","Too busy and cluttered, need to be more focused. Scroll vertically, phones are designed to be scrolled vertically so content should be laid out vertically. Ex. moods should be vertical instead of horizontal. Landing page is unneeded most of the time, place different pages on the bottom of the screen where the thumb would normally be active at. Adding buttons, expand buttons ect should be positioned on the right side of the screen, most users are right handed will have the thumb on the right side. Dragging and reordering however should remain on left to keep consistent with how people read (left to right). 
Users scroll, its how they navigate the page. Work to make pages less crowded by using vertical space instead of trying to lump in one screen. 
Back button on top left, context menu should be top right. ","2","1","nothing","Landing screen, useless greeting at top of the screen. Buttons inconsistent in size. Settings button bottom left and apparently so central to the app that you want to feature it on the home screen. ","Past the landing page menu seems fine at the bottom. again why are you promoting settings button, is it that important to include it in the MAIN nav?

Opposite of UI 1, too liberal use of space.

Back arrow is enough, dont need text. why does a back button need to take up half of the top... wasted space on the right 
If the buttons are to scale, they are too big, takes up too much real estate 

Overall poor space management, really questions how much effort was really put into this UI design. ","1","1","nothing","Text is small, wasted space. Soo much blank space makes the app look cheap, no effort was given to it

table for reporting moods is crap. Have dates not days of the week. Why do you have sort for days if they're just monday - sunday. Menu button is crap, the bottom buttons is your menu. 

Graph page is crap no information, nothing, what is the purpose?
Why is graph and services a flip button? what is related with services and the graph? ","Honestly looks like no effort was put into the USER INTERFACE part of it. The interface is complete crap, menu was not considered as well. 

The user experience would be non-existent in the UI design. 

Tons terrible with this design. Should be ashamed honestly to put out work like this, worst out of the 3. "
"2017/10/31 1:45:50 AM GMT","4","3","I like the options that are available. Especially the reflection aspect on the second page. Reflection is a great way to help resolve issues!","The first drawing for the resources isn't as good as the second one. ","I think that UI #1 looks pretty good. Personally I like having a lot of options in an app so it looks great. I also like the reflection aspect of the app. I think too many people ignore reflection as a method of dealing with emotional issues. I also like the graph options!","4","2","I like the graphics and how simple it is and the addition of games is nice","I miss the reflection aspect. I think being able to reflect or even keep notes on what happen is important for growth","I liked it overall I think it is a bit more of a fun design than U1 #1 but it is missing some key parts that I think are important. Such as the reflection aspect. The addition of games is awesome!","4","2","I like how the rating was a scale rather than just happy or sad. Some days I'm in between and it's nice to be able to see that. ","It looks kind of bland compared to the other two. I would have liked to see a little more of a friendly tone. Maybe some brighter colours and a little more stuff to do with it. ","I think that the app design is decent but it could be improved to make it more appealing to people looking at it. Graphs are great but also kind of boring unless you're a bit of a stats nerd. They are useful but I think they need a paring with them. I also liked how the rating system was done!"
"2017/11/02 3:16:18 PM GMT","4","3","I like how thorough it is","Maybe it's just the drawing but it seems dull and cluttered","Very helpful as it provides lots of information but doesn't grab my attention","2","4","The color and layout grabs my attention","Seems like it's could provide more information and resources. Although I like the color, it doesn't seem very professional","The color scheme is great because it catches my attention so i would use the app initially, however the lack of information might lead me to stop using it. I did like the calendar aspect, I think that's something I would always be checking","3","5","I liked that there is a scale so I technically have more than 2 moods to choose from. I also think that the game is something I would keep playing over and over.","Looks a bit dull, not enough resources available","Simple and straight to the point which is favourable for an app like this. Easy to use. Game seems like it would be addicting, but I might end up using the app just to play the game"
"2017/11/02 3:27:32 PM GMT","5","2","It provides you with multiple resources to seek help","It looks boring ","Straight to the point. Maybe it needs some color so make it appealing to the eyes. Something to grab my attention is missing, if I opened an app like this I would close it after seeing all that information","2","3","Love the calendar and the color is kinda cheerful","Pet games kinda seem childish, I don't know how long I'd play that","Very simple and easy to use. I feel like the color alone would cheer me up, for the games maybe have more than one so people with different preferences are satisfied","2","4","The game looks like fun","The rating scale using hearts","Overall I think it is engaging, mostly because of the game. I like the concept of having a rating scale, although I don't think hearts are the best things to use just because it doesn't really portray my emotions"
"2017/11/02 3:36:06 PM GMT","4","3","Informative. I like the emoji scale too","Too much information or maybe theres just enough but it's clumped up together","Simple to use, I like the display of each screen which makes it seem easy to use. Lots of helpful tools at the end as well. Emoji scale would definitely help me capture my emotions at the time. ","3","3","It's simple","Not enough information available for me to get the proper support. What kind of animal games?","Very playful and fun design but seems to be lacking in functionality ","3","5","That there is a rating scale","Graphs look out of place","The game is what makes the app engaging to me however I don't think it would fulfill its' actual purpose because of the lack of information offered"