"Timestamp","How would you rate this app in terms of usefulness?","How would you rate this app in terms of engagement?","What aspects of this app did you like?","What aspects of this app did you dislike?","Compared to the initial 3 UIs from the previous survey, is the final prototype an effective iteration and improvement?","Are you likely to use this app in your every day life?","Are you more likely to use mental health services available on campus as a result of this app?","Do you have any other thoughts or comments on this app prototype? "
"2017/11/18 10:57:02 PM GMT","3","2","Better use of space. But not perfect","Now space is being under utilized. Ex. settings and game have no content.
Menus should be at the bottom, you cannot easily go through menus using one hand, not user friendly. Most people use their thumbs to nav, they can't reach the top like that.
Toolbox is confusing, why is there just a link to the UCalgary home page?
Placement of the graph should be next to the daily tracker, not at the end.
Graph is hard to view because of days, suggest doing a scrolling timeline or a feature to turn landscape","Improvement but not something that would be a production level product","1","1","Still completely ignores simple app design principles.
Plenty of guidelines available out there, https://developer.apple.com/ios/human-interface-guidelines/overview/themes/, https://developer.android.com/guide/practices/ui_guidelines/index.html"
"2017/11/19 12:30:56 AM GMT","4","3","Stats is good, though it could be more in depth (Improvement over time, etc.). Introducing with a daily mood seems good, perhaps more than a ranking 1 to 5. Maybe categories of why it isn't a 5 or something. The University links and tools seem fine.","The games in the app seem somewhat disconnected to me. Not sure what exactly their purpose is or if they need to be there. I think that the stuff under 'toolkit' is likely sufficient here, without also including games.","Yes, this is more fleshed out (as to be expected). Many of the better ideas made it through, while clearly most of the less ideal stuff did not. One thing, I mentioned in the earlier iterations, is that I do not like some of the aesthetic. Professional and clear is better than hearts everywhere to show the you care. Users know you care, you made the app. Clarity > theme. Other than this issue, I believe that this is a better iteration.","1","2","Make sure it is very clear in your final write-up that the data is going to be used by the university for research and to better help students. You have to stress this, as otherwise the idea is not all that novel. All in all, the app seems fine. I indicated that I was unlikely to use it not due to the app design, just not my cup of tea is all."
"2017/11/19 2:07:12 AM GMT","5","4","I like the inclusion of the graphs to track long term stats, makes it easy to look at trends. I like how the rating system is also a range rather than just good or bad. I find that I am usually somewhere in between the two so having some in between options are great. The resources page looks pretty awesome and its fully of stuff I can use if I need it. Plus the cat pictures are cute and always welcome in my life.","I wouldn't say disliked it but the games seemed like something I wouldn't necessarily use in the app as much. Those kind of games aren't things I find fun or interesting to do. ","I would say it brought together all the best part of the initial three. Based on what I seen it looks like this final version is much better than the three starters.  It combined the interface of the one I liked initially with the tools I liked from all three of them.","4","4","I think this prototype is by far my favorite one. It hits all the things I like in an app and it is a useful resource for people who have mental health concerns that they want to monitor. It is pretty easy to use and the display isn't overwhelming. I would seriously consider using this if it was an app, partly because I like cat pictures. It looks good!"
"2017/11/19 5:54:09 PM GMT","3","3","Creative exercises.","Harsh colour choices that are the opposite of relaxing, neutral tones would've been better.","NA","2","4",""
"2017/11/19 9:28:04 PM GMT","5","4","Layout and features available","N/A","Yes","3","1",""
"2017/11/20 2:01:33 PM GMT","3","3","I liked the fact that I can choose from more than one game","The mood rating. Instead of blue, red and green hearts it should just be emoji's with emotions on them.","Yes, definitely seems like you guys really took the feedback into consideration","2","2",""
"2017/11/20 2:06:19 PM GMT","3","3","I liked the toolkit a lot because it offers you a bunch of different services, and it's clear. All the information is available to me without overloading me with information like the one before it","The graph looks out of place, I'm not sure what I'd do with that","Yes, like I said before, on of the other UI's over loaded me with information but this prototype keeps it clear and simple without losing any significant aspects","3","3","The color of the hearts for the weekly and monthly sections should be consistent "
"2017/11/20 2:12:09 PM GMT","2","4","The color scheme makes it attractive to the eye. Having options for the games is very nice, I like the names too. The toolkit gives you plenty of options as well. Seems like it would do the job ","I'm not sure how often I would use the graph","YES. You seem to have combined the best aspects of each of the other app designs.","3","2","You should include dog pictures too since not everyone is a cat person. Overall it seems functional"